player_given_name,player_surname,season_id,player_jumper_number,player_id,player_position,team_id,season_num
Caitlin,Gould,2022,1,CD_I1014599,Ruck,AD,7
Eloise,Jones,2022,2,CD_I1005258,Defender,AD,7
Amber,Ward,2022,3,CD_I1011115,Defender,AD,7
Zoe,Prowse,2022,4,CD_I1014663,Ruck,AD,7
Rachelle,Martin,2022,5,CD_I1011091,Midfielder,AD,7
Hannah,Button,2022,6,CD_I1011092,Forward,AD,7
Keeley,Kustermann,2022,7,CD_I1019456,Defender,AD,7
Najwa,Allen,2022,8,CD_I1014559,Defender,AD,7
Deni,Varnhagen,2022,9,CD_I1005251,Midfielder,AD,7
McKenzie,Dowrick,2022,9,CD_I1009894,Forward,AD,7
Ebony,Marinoff,2022,10,CD_I1005279,Midfielder,AD,7
Jasmine,Simmons,2022,11,CD_I1024293,Ruck,AD,7
Chelsea,Biddell,2022,12,CD_I1011080,Forward,AD,7
Kiera,Mueller,2022,13,CD_I1014662,Defender,AD,7
Stevie-Lee,Thompson,2022,14,CD_I1005386,Defender,AD,7
Danielle,Ponter,2022,15,CD_I1009794,Forward,AD,7
Ailish,Considine,2022,16,CD_I1013947,Forward,AD,7
Madison,Newman,2022,17,CD_I1011095,Defender,AD,7
Jasmyn,Hewett,2022,19,CD_I1010655,Ruck,AD,7
Jess,Waterhouse,2022,19,CD_I1011048,Defender,AD,7
Hannah,Munyard,2022,20,CD_I1011069,Midfielder,AD,7
Montana,McKinnon,2022,21,CD_I1007327,Ruck,AD,7
Lisa,Whiteley,2022,22,CD_I1011077,Defender,AD,7
Niamh,Kelly,2022,23,CD_I1018874,Midfielder,AD,7
Ashleigh,Woodland,2022,24,CD_I1005264,Forward,AD,7
Teah,Charlton,2022,25,CD_I1011057,Midfielder,AD,7
Chelsea,Randall,2022,26,CD_I998044,Defender,AD,7
Abbie,Ballard,2022,27,CD_I1011078,Forward,AD,7
Brooke,Tonon,2022,28,CD_I1019431,Defender,AD,7
Dayna,Cox,2022,31,CD_I1005956,Defender,AD,7
Marijana,Rajcic,2022,32,CD_I1007574,Defender,AD,7
Anne,Hatchard,2022,33,CD_I1005269,Midfielder,AD,7
Sarah,Allan,2022,39,CD_I1005285,Defender,AD,7
Emily,Bates,2022,1,CD_I998155,Midfielder,BL,7
Tahlia,Hickie,2022,2,CD_I1009844,Ruck,BL,7
Breanna,Koenen,2022,3,CD_I1005661,Defender,BL,7
Sharni,Webb,2022,4,CD_I1005634,Defender,BL,7
Jade,Ellenger,2022,5,CD_I1009828,Forward,BL,7
Lily,Postlethwaite,2022,6,CD_I1009824,Midfielder,BL,7
Gabrielle,Collingwood,2022,7,CD_I1009826,Forward,BL,7
Maggie,Harmer,2022,8,CD_I1021438,Defender,BL,7
Orla,O'Dwyer,2022,9,CD_I1019034,Midfielder,BL,7
Natalie,Grider,2022,10,CD_I1009836,Defender,BL,7
Phoebe,Monahan,2022,11,CD_I997659,Defender,BL,7
Sophie,Conway,2022,12,CD_I1009847,Forward,BL,7
Kate,Lutkins,2022,13,CD_I1005638,Defender,BL,7
Dakota,Davidson,2022,14,CD_I1019057,Forward,BL,7
Greta,Bodey,2022,15,CD_I1019035,Forward,BL,7
Bella,Smith,2022,16,CD_I1022689,Forward,BL,7
Isabel,Dawes,2022,17,CD_I1009833,Midfielder,BL,7
Alexandra,Anderson,2022,18,CD_I1005630,Midfielder,BL,7
Luka,Yoshida-Martin,2022,19,CD_I1024295,Forward,BL,7
Shannon,Campbell,2022,20,CD_I1007130,Defender,BL,7
Courtney,Hodder,2022,21,CD_I1009910,Forward,BL,7
Zimmorlei,Farquharson,2022,22,CD_I1009829,Forward,BL,7
Dee,Heslop,2022,23,CD_I1009827,Midfielder,BL,7
Lucinda,Pullar,2022,24,CD_I1024294,Defender,BL,7
Catherine,Svarc,2022,25,CD_I1019053,Midfielder,BL,7
Ella,Smith,2022,26,CD_I1022691,Midfielder,BL,7
Mikayla,Pauga,2022,27,CD_I1021436,Forward,BL,7
Charlotte,Mullins,2022,28,CD_I1021441,Midfielder,BL,7
Ruby,Svarc,2022,29,CD_I1016938,Forward,BL,7
Jesse,Wardlaw,2022,30,CD_I1009838,Forward,BL,7
Taylor,Smith,2022,31,CD_I1012989,Forward,BL,7
Kiara,Hillier,2022,32,CD_I1024573,Defender,BL,7
Amelia,Velardo,2022,1,CD_I1019887,Midfielder,CA,7
Jessica,Dal Pos,2022,2,CD_I296137,Defender,CA,7
Darcy,Vescio,2022,3,CD_I997663,Forward,CA,7
Keeley,Skepper,2022,4,CD_I1014991,Midfielder,CA,7
Abbie,McKay,2022,5,CD_I1013027,Forward,CA,7
Gabriella,Pound,2022,6,CD_I1007026,Defender,CA,7
Brooke,Walker,2022,7,CD_I1012558,Defender,CA,7
Vaomua,Laloifi,2022,8,CD_I1012595,Defender,CA,7
Kerryn,Peterson,2022,9,CD_I1009977,Defender,CA,7
Mimi,Hill,2022,10,CD_I1015047,Midfielder,CA,7
Annie,Lee,2022,11,CD_I1015195,Defender,CA,7
Jess,Good,2022,12,CD_I1022236,Ruck,CA,7
Lucy,McEvoy,2022,13,CD_I1009865,Forward,CA,7
Jessica,Jones,2022,15,CD_I1026019,Defender,CA,7
Breann,Moody,2022,16,CD_I1007023,Ruck,CA,7
Charlotte,Hammans,2022,17,CD_I1010105,Midfielder,CA,7
Madeline,Guerin,2022,18,CD_I1009888,Forward,CA,7
Lily,Goss,2022,20,CD_I1025995,Midfielder,CA,7
Mia,Austin,2022,22,CD_I1025564,Forward,CA,7
Daisy,Walker,2022,23,CD_I1015105,Defender,CA,7
Brooke,Vickers,2022,24,CD_I1019819,Defender,CA,7
Keeley,Sherar,2022,25,CD_I1019711,Forward,CA,7
Paige,Trudgeon,2022,26,CD_I1021793,Defender,CA,7
Imogen,Milford,2022,28,CD_I1012669,Forward,CA,7
Natalie,Plane,2022,32,CD_I1007025,Forward,CA,7
Serena,Gibbs,2022,33,CD_I1014887,Ruck,CA,7
Taylor,Ortlepp,2022,34,CD_I1029627,Forward,CA,7
Poppy,Schaap,2022,35,CD_I1015170,Forward,CA,7
Phoebe,McWilliams,2022,37,CD_I997689,Forward,CA,7
Elise,O'Dea,2022,46,CD_I998147,Midfielder,CA,7
Sabrina,Frederick,2022,1,CD_I1003019,Forward,CW,7
Chloe,Molloy,2022,2,CD_I1010263,Forward,CW,7
Brianna,Davey,2022,3,CD_I1003020,Midfielder,CW,7
Imogen,Barnett,2022,4,CD_I1022112,Forward,CW,7
Imogen,Evans,2022,5,CD_I1021457,Midfielder,CW,7
Jordyn,Allen,2022,6,CD_I997736,Defender,CW,7
Sarah,Rowe,2022,7,CD_I1013706,Forward,CW,7
Brittany,Bonnici,2022,8,CD_I997729,Midfielder,CW,7
Alana,Porter,2022,9,CD_I1015053,Defender,CW,7
Ashleigh,Brazill,2022,10,CD_I1010663,Defender,CW,7
Charlotte,Taylor,2022,11,CD_I1019817,Defender,CW,7
Stacey,Livingstone,2022,12,CD_I1007015,Defender,CW,7
Jaimee,Lambert,2022,13,CD_I1004415,Midfielder,CW,7
Aishling,Sheridan,2022,14,CD_I1017238,Forward,CW,7
Erica,Fowler,2022,15,CD_I1005663,Ruck,CW,7
Sarah,Sansonetti,2022,16,CD_I1013513,Defender,CW,7
Stephanie,Chiocci,2022,17,CD_I998158,Midfielder,CW,7
Ruby,Schleicher,2022,18,CD_I1007027,Defender,CW,7
Olivia,Barber,2022,19,CD_I1015018,Forward,CW,7
Eliza,James,2022,20,CD_I1015070,Forward,CW,7
Jordan,Membrey,2022,21,CD_I1005664,Forward,CW,7
Sophie,Casey,2022,22,CD_I1007139,Defender,CW,7
Lauren,Butler,2022,23,CD_I1010096,Defender,CW,7
Lauren,Brazzale,2022,24,CD_I1006996,Midfielder,CW,7
Mikala,Cann,2022,25,CD_I1012637,Midfielder,CW,7
Tarni,Brown,2022,26,CD_I1014873,Midfielder,CW,7
Charlotte,Blair,2022,28,CD_I1019680,Forward,CW,7
Alison,Downie,2022,30,CD_I1007003,Ruck,CW,7
Eloise,Chaston,2022,32,CD_I1019718,Forward,CW,7
Emily,Smith,2022,33,CD_I997676,Defender,CW,7
Joanna,Lin,2022,35,CD_I1015064,Midfielder,CW,7
Abbi,Moloney,2022,40,CD_I1015102,Forward,CW,7
Caitlin,Sargent,2022,1,CD_I1015160,Forward,ES,7
Georgia,Gee,2022,2,CD_I997745,Forward,ES,7
Daria,Bannister,2022,3,CD_I1005361,Forward,ES,7
Madison,Prespakis,2022,4,CD_I1009885,Midfielder,ES,7
Georgia,Nanscawen,2022,5,CD_I1013522,Midfielder,ES,7
Danielle,Marshall,2022,6,CD_I1017239,Forward,ES,7
Bella,Ayre,2022,7,CD_I997715,Forward,ES,7
Bonnie,Toogood,2022,8,CD_I1010690,Forward,ES,7
Jorja,Borg,2022,9,CD_I1012547,Ruck,ES,7
Jacqui,Vogt,2022,10,CD_I1016869,Forward,ES,7
Alana,Barba,2022,11,CD_I1014788,Midfielder,ES,7
Joanne,Doonan,2022,12,CD_I1018951,Forward,ES,7
Ellyse,Gamble,2022,14,CD_I1005374,Defender,ES,7
Olivia,Barton,2022,15,CD_I1019807,Defender,ES,7
Eloise,Ashley-Cooper,2022,16,CD_I1012954,Defender,ES,7
Federica,Frew,2022,17,CD_I1016937,Forward,ES,7
Jordan,Zanchetta,2022,18,CD_I1001678,Forward,ES,7
Mia,Van Dyke,2022,19,CD_I1015182,Forward,ES,7
Stephanie,Cain,2022,20,CD_I1006997,Midfielder,ES,7
Jessica,Wuetschner,2022,21,CD_I1001690,Forward,ES,7
Amelia,Radford,2022,22,CD_I1026008,Midfielder,ES,7
Renee,Tierney,2022,23,CD_I1014366,Forward,ES,7
Sophie,Alexander,2022,24,CD_I1012580,Forward,ES,7
Ashleigh,Van Loon,2022,26,CD_I1015174,Midfielder,ES,7
Sophie,Van De Heuvel,2022,27,CD_I1009765,Midfielder,ES,7
Mia,Busch,2022,28,CD_I1019705,Defender,ES,7
Stephanie,Wales,2022,30,CD_I1027783,Ruck,ES,7
Paige,Scott,2022,32,CD_I1019762,Forward,ES,7
Amber,Clarke,2022,33,CD_I1019689,Defender,ES,7
Catherine,Phillips,2022,35,CD_I1007153,Midfielder,ES,7
Ashley,Sharp,2022,1,CD_I1005416,Forward,FR,7
Kiara,Bowers,2022,2,CD_I998030,Midfielder,FR,7
Emma,O'Driscoll,2022,3,CD_I1012242,Defender,FR,7
Angelique,Stannett,2022,4,CD_I1013937,Defender,FR,7
Sarah,Verrier,2022,5,CD_I1012236,Defender,FR,7
Madeleine,Scanlon,2022,6,CD_I1026166,Defender,FR,7
Nikki,Gore,2022,7,CD_I1009783,Midfielder,FR,7
Dana,East,2022,8,CD_I1021410,Midfielder,FR,7
Gabby,O'Sullivan,2022,9,CD_I1007144,Forward,FR,7
Aine,Tighe,2022,10,CD_I1018949,Ruck,FR,7
Mikayla,Morrison,2022,11,CD_I1017340,Forward,FR,7
Ebony,Antonio,2022,12,CD_I1001682,Forward,FR,7
Makaela,Tuhakaraina,2022,13,CD_I1022824,Forward,FR,7
Amy,Franklin,2022,14,CD_I1021411,Defender,FR,7
Kara,Antonio,2022,15,CD_I998036,Forward,FR,7
Tahlia,Read,2022,16,CD_I1019665,Forward,FR,7
Roxanne,Roux,2022,17,CD_I1009907,Forward,FR,7
Philipa,Seth,2022,18,CD_I1012248,Defender,FR,7
Hayley,Miller,2022,19,CD_I998040,Midfielder,FR,7
Tara,Stribley,2022,20,CD_I1012261,Forward,FR,7
Mim,Strom,2022,21,CD_I1017347,Ruck,FR,7
Airlie,Runnalls,2022,22,CD_I1012662,Midfielder,FR,7
Matilda,Sergeant,2022,23,CD_I1009893,Midfielder,FR,7
Sarah,Wielstra,2022,24,CD_I1021405,Ruck,FR,7
Megan,Kauffman,2022,25,CD_I1029621,Forward,FR,7
Bianca,Webb,2022,26,CD_I1017345,Forward,FR,7
Orlagh,Lally,2022,27,CD_I1029623,Defender,FR,7
Mikayla,Hyde,2022,28,CD_I1012234,Forward,FR,7
Janelle,Cuthbertson,2022,29,CD_I1019060,Forward,FR,7
Jessica,Low,2022,30,CD_I1021399,Forward,FR,7
Laura,Pugh,2022,32,CD_I1005437,Defender,FR,7
Amy,Mulholland,2022,33,CD_I1026444,Forward,FR,7
Emily,Goodsir,2022,1,CD_I1018024,Forward,GW,7
Alicia,Eva,2022,2,CD_I998029,Midfielder,GW,7
Alyce,Parker,2022,3,CD_I1009799,Midfielder,GW,7
Katherine,Smith,2022,4,CD_I997733,Defender,GW,7
Jessica,Doyle,2022,5,CD_I1022736,Forward,GW,7
Rebecca,Beeson,2022,6,CD_I1005453,Midfielder,GW,7
Zarlie,Goldsworthy,2022,7,CD_I1022358,Forward,GW,7
Nicola,Barr,2022,8,CD_I1005452,Defender,GW,7
Tanya,Hetherington,2022,9,CD_I997684,Defender,GW,7
Jasmine,Grierson,2022,10,CD_I1007006,Defender,GW,7
Chloe,Dalton,2022,11,CD_I1012549,Midfielder,GW,7
Isabel,Huntington,2022,12,CD_I997725,Forward,GW,7
Cora,Staunton,2022,13,CD_I1010666,Forward,GW,7
Annalyse,Lister,2022,14,CD_I1010244,Defender,GW,7
Brid,Stack,2022,15,CD_I1021525,Defender,GW,7
Isadora,McLeay,2022,16,CD_I1022750,Defender,GW,7
Georgia,Garnett,2022,17,CD_I1009822,Defender,GW,7
Tarni,Evans,2022,18,CD_I1017292,Forward,GW,7
Fleur,Davies,2022,20,CD_I1024584,Ruck,GW,7
Pepa,Randall,2022,21,CD_I1001688,Defender,GW,7
Meghan,Gaffney,2022,22,CD_I1019848,Forward,GW,7
Madison,Brazendale,2022,23,CD_I1021894,Midfielder,GW,7
Haneen,Zreika,2022,24,CD_I1009801,Forward,GW,7
Cambridge,McCormick,2022,25,CD_I1029617,Ruck,GW,7
Georgina,Fowler,2022,26,CD_I1024297,Forward,GW,7
Casidhe,Simmons,2022,28,CD_I1024298,Forward,GW,7
Jodie,Hicks,2022,29,CD_I1001681,Forward,GW,7
Ally,Dallaway,2022,30,CD_I1024984,Midfielder,GW,7
Brodee,Mowbray,2022,31,CD_I1022723,Forward,GW,7
Tait,Mackrill,2022,32,CD_I1009781,Forward,GW,7
Emily,Pease,2022,33,CD_I1017286,Midfielder,GW,7
Zara,Hamilton,2022,35,CD_I1019783,Midfielder,GW,7
Jessica,Allan,2022,39,CD_I1007313,Ruck,GW,7
Tess,Cattle,2022,40,CD_I1028179,Midfielder,GW,7
Mikayla,Bowen,2022,1,CD_I1009906,Midfielder,GE,7
Annabel,Johnson,2022,2,CD_I1022133,Defender,GE,7
Amy,McDonald,2022,3,CD_I997709,Midfielder,GE,7
Darcy,Moloney,2022,4,CD_I1015181,Forward,GE,7
Jacqueline,Parry,2022,5,CD_I1018405,Forward,GE,7
Julia,Crockett-Grills,2022,6,CD_I1012640,Midfielder,GE,7
Kate,Darby,2022,8,CD_I1007001,Forward,GE,7
Nina,Morrison,2022,9,CD_I1009863,Midfielder,GE,7
Georgie,Rankin,2022,10,CD_I1013933,Midfielder,GE,7
Meghan,McDonald,2022,11,CD_I1007155,Defender,GE,7
Renee,Garing,2022,12,CD_I1012470,Midfielder,GE,7
Olivia,Fuller,2022,13,CD_I1009778,Ruck,GE,7
Chloe,Scheer,2022,14,CD_I1007342,Forward,GE,7
Shelley,Scott,2022,15,CD_I1007028,Forward,GE,7
Chantel,Emonson,2022,16,CD_I1012560,Defender,GE,7
Georgia,Clarke,2022,17,CD_I1009857,Defender,GE,7
Laura,Gardiner,2022,18,CD_I1014359,Midfielder,GE,7
Brooke,Plummer,2022,19,CD_I1019788,Defender,GE,7
Zali,Friswell,2022,20,CD_I1014785,Forward,GE,7
Rebecca,Webster,2022,21,CD_I1009860,Midfielder,GE,7
Rachel,Kearns,2022,22,CD_I1024296,Forward,GE,7
Samantha,Gooden,2022,23,CD_I1025879,Ruck,GE,7
Maddy,McMahon,2022,24,CD_I1012474,Defender,GE,7
Mia,Skinner,2022,25,CD_I1015185,Forward,GE,7
Claudia,Gunjaca,2022,26,CD_I1022127,Forward,GE,7
Ingrid,Houtsma,2022,31,CD_I1015188,Forward,GE,7
Gabbi,Featherston,2022,32,CD_I1015193,Forward,GE,7
Abbey,McDonald,2022,39,CD_I1019668,Defender,GE,7
Georgie,Prespakis,2022,41,CD_I1014810,Midfielder,GE,7
Madeline,Keryk,2022,45,CD_I997678,Defender,GE,7
Ellie,Hampson,2022,1,CD_I1009843,Defender,GC,7
Lauren,Bella,2022,2,CD_I1009963,Ruck,GC,7
Tori,Groves-Little,2022,3,CD_I1009832,Forward,GC,7
Claudia,Whitfort,2022,4,CD_I1010662,Forward,GC,7
Courtney,Jones,2022,5,CD_I1009862,Midfielder,GC,7
Maddison,Levi,2022,6,CD_I1017325,Defender,GC,7
Lauren,Ahrens,2022,7,CD_I1012661,Midfielder,GC,7
Charlie,Rowbottom,2022,8,CD_I1015068,Midfielder,GC,7
Shannon,Danckert,2022,9,CD_I1025164,Defender,GC,7
Teagan,Levi,2022,11,CD_I1021451,Midfielder,GC,7
Tara,Bohanna,2022,12,CD_I1012709,Forward,GC,7
Lucy,Single,2022,13,CD_I1021456,Midfielder,GC,7
Serene,Watson,2022,14,CD_I1012987,Defender,GC,7
Wallis,Randell,2022,15,CD_I1017322,Defender,GC,7
Gabrielle,Biedenweg-Webster,2022,16,CD_I1012581,Defender,GC,7
Jamie,Stanton,2022,17,CD_I1007030,Midfielder,GC,7
Georgia,Clayden,2022,18,CD_I1029613,Defender,GC,7
Ashanti,Bush,2022,19,CD_I1017304,Forward,GC,7
Daisy,D'Arcy,2022,20,CD_I1017314,Defender,GC,7
Krystal,Scott,2022,21,CD_I1010682,Forward,GC,7
Giselle,Davies,2022,22,CD_I1021460,Defender,GC,7
Kalinda,Howarth,2022,23,CD_I1009845,Forward,GC,7
Alana,Gee,2022,24,CD_I1022701,Midfielder,GC,7
Jacqui,Dupuy,2022,27,CD_I1025163,Forward,GC,7
Elizabeth,Keaney,2022,30,CD_I1010279,Defender,GC,7
Claire,Ransom,2022,32,CD_I1019849,Midfielder,GC,7
Alison,Drennan,2022,33,CD_I1012712,Midfielder,GC,7
Tahlia,Meyer,2022,34,CD_I1014561,Midfielder,GC,7
Ashlee,Atkins,2022,37,CD_I1010661,Forward,GC,7
Vivien,Saad,2022,39,CD_I1016956,Defender,GC,7
Jasmyn,Smith,2022,40,CD_I1022695,Forward,GC,7
Jade,Pregelj,2022,42,CD_I1019061,Defender,GC,7
Tegan,Cunningham,2022,1,CD_I1010659,Forward,HW,7
Janet,Baird,2022,2,CD_I1009797,Forward,HW,7
Isabelle,Porter,2022,3,CD_I1010248,Midfielder,HW,7
Dominique,Carbone,2022,4,CD_I1012964,Midfielder,HW,7
Jasmine,Fleming,2022,5,CD_I1019821,Midfielder,HW,7
Zoe,Barbakos,2022,6,CD_I1025662,Forward,HW,7
Aileen,Gilroy,2022,7,CD_I1018953,Defender,HW,7
Tahlia,Fellows,2022,8,CD_I1022104,Forward,HW,7
Kate,McCarthy,2022,9,CD_I1005636,Forward,HW,7
Kaitlyn,Ashmore,2022,10,CD_I997649,Forward,HW,7
Jenna,Richardson,2022,11,CD_I1014869,Defender,HW,7
Louise,Stephenson,2022,12,CD_I296141,Defender,HW,7
Aine,McDonagh,2022,13,CD_I1029626,Forward,HW,7
Charlotte,Baskaran,2022,14,CD_I1015147,Midfielder,HW,7
Bridget,Deed,2022,15,CD_I1014885,Midfielder,HW,7
Mackenzie,Eardley,2022,17,CD_I1019700,Defender,HW,7
Tilly,Lucas-Rodd,2022,18,CD_I1007017,Midfielder,HW,7
Ainslie,Kemp,2022,19,CD_I1005866,Defender,HW,7
Bridie,Hipwell,2022,19,CD_I1019830,Midfielder,HW,7
Laura,Elliott,2022,20,CD_I1019883,Defender,HW,7
Sophie,Locke,2022,21,CD_I1014984,Forward,HW,7
Tamara,Luke,2022,22,CD_I1012647,Ruck,HW,7
Sarah,Perkins,2022,23,CD_I296145,Forward,HW,7
Tamara,Smith,2022,24,CD_I1013015,Midfielder,HW,7
Emily,Everist,2022,25,CD_I1025507,Defender,HW,7
Jessica,Duffin,2022,27,CD_I1005864,Defender,HW,7
Lucy,Wales,2022,31,CD_I1026929,Ruck,HW,7
Eliza,Shannon,2022,33,CD_I997700,Defender,HW,7
Akec,Makur Chuot,2022,34,CD_I1017027,Defender,HW,7
Catherine,Brown,2022,42,CD_I1022047,Defender,HW,7
Georgia,Campbell,2022,1,CD_I1019713,Ruck,ME,7
Olivia,Purcell,2022,2,CD_I1009861,Midfielder,ME,7
Maddison,Gay,2022,3,CD_I1009976,Midfielder,ME,7
Karen,Paxman,2022,4,CD_I998149,Midfielder,ME,7
Tyla,Hanks,2022,5,CD_I1009853,Forward,ME,7
Daisy,Pearce,2022,6,CD_I998047,Forward,ME,7
Tayla,Harris,2022,7,CD_I998039,Forward,ME,7
Sarah,Lampard,2022,8,CD_I1007011,Defender,ME,7
Libby,Birch,2022,9,CD_I1007157,Defender,ME,7
Kate,Hore,2022,10,CD_I1009980,Forward,ME,7
Eliza,West,2022,11,CD_I1022111,Midfielder,ME,7
Sabreena,Duffy,2022,12,CD_I1009895,Forward,ME,7
Maeve,Chaplin,2022,13,CD_I1015029,Midfielder,ME,7
Lily,Mithen,2022,14,CD_I997708,Midfielder,ME,7
Lauren,Pearce,2022,15,CD_I1005863,Ruck,ME,7
Alyssa,Bannan,2022,16,CD_I1014367,Forward,ME,7
Tahlia,Gillard,2022,17,CD_I1014793,Ruck,ME,7
Casey,Sherriff,2022,18,CD_I1012575,Defender,ME,7
Jordan,Ivey,2022,19,CD_I1008031,Forward,ME,7
Charlotte,Wilson,2022,20,CD_I1009880,Defender,ME,7
Maggie,Caris,2022,21,CD_I1014975,Ruck,ME,7
Eliza,McNamara,2022,22,CD_I1015088,Midfielder,ME,7
Sinead,Goldrick,2022,23,CD_I1018966,Defender,ME,7
Megan,Fitzsimon,2022,24,CD_I1014904,Midfielder,ME,7
Samantha,Johnson,2022,25,CD_I1012715,Midfielder,ME,7
Georgia,Gall,2022,27,CD_I1015025,Defender,ME,7
Alison,Brown,2022,28,CD_I1007133,Forward,ME,7
Eden,Zanker,2022,29,CD_I1009764,Ruck,ME,7
Shelley,Heath,2022,30,CD_I1012713,Defender,ME,7
Blaithin,Mackin,2022,31,CD_I1029625,Forward,ME,7
Sophie,Abbatangelo,2022,1,CD_I1010252,Forward,NM,7
Charli,Granville,2022,2,CD_I1025553,Forward,NM,7
Isabella,Eddey,2022,3,CD_I1015097,Forward,NM,7
Vikki,Wall,2022,4,CD_I1029618,Forward,NM,7
Tess,Craven,2022,5,CD_I1015175,Midfielder,NM,7
Alice,O'Loughlin,2022,6,CD_I1019811,Forward,NM,7
Ashleigh,Riddell,2022,7,CD_I1010265,Midfielder,NM,7
Taylah,Gatt,2022,8,CD_I1022885,Defender,NM,7
Emma,Kearney,2022,9,CD_I998150,Defender,NM,7
Cassidy,Mailer,2022,10,CD_I1014979,Defender,NM,7
Nicole,Bresnehan,2022,12,CD_I1013120,Defender,NM,7
Zoe,Savarirayan,2022,13,CD_I1029619,Midfielder,NM,7
Erika,O'Shea,2022,14,CD_I1029615,Defender,NM,7
Amy,Smith,2022,15,CD_I1021528,Midfielder,NM,7
Tahlia,Randall,2022,16,CD_I1003023,Forward,NM,7
Sarah,Wright,2022,17,CD_I1016904,Forward,NM,7
Ella,Maurer,2022,19,CD_I1016781,Midfielder,NM,7
Jasmine,Ferguson,2022,20,CD_I1013442,Defender,NM,7
Sophia,McCarthy,2022,21,CD_I1015019,Forward,NM,7
Ellie,Gavalas,2022,22,CD_I1016971,Forward,NM,7
Mia,King,2022,23,CD_I1009772,Midfielder,NM,7
Perri,King,2022,24,CD_I1016777,Midfielder,NM,7
Jasmine,Garner,2022,25,CD_I296154,Forward,NM,7
Kimberley,Rennie,2022,26,CD_I1010677,Ruck,NM,7
Grace,Matser,2022,29,CD_I1014939,Ruck,NM,7
Danielle,Hardiman,2022,31,CD_I296143,Defender,NM,7
Jenna,Bruton,2022,35,CD_I1003018,Midfielder,NM,7
Brooke,Brown,2022,36,CD_I1021527,Ruck,NM,7
Grace,Campbell,2022,43,CD_I1017029,Midfielder,NM,7
Emma,King,2022,60,CD_I1001686,Ruck,NM,7
Ebony,O'Dea,2022,2,CD_I1007360,Midfielder,PA,7
Ange,Foley,2022,3,CD_I1005378,Defender,PA,7
Jade,Halfpenny,2022,4,CD_I1019489,Midfielder,PA,7
Abbey,Dowrick,2022,5,CD_I1012241,Midfielder,PA,7
Jacqui,Yorston,2022,6,CD_I1009964,Midfielder,PA,7
Yasmin,Duursma,2022,7,CD_I1019736,Defender,PA,7
Tessa,Doumanis,2022,8,CD_I1021393,Forward,PA,7
Maria,Moloney,2022,9,CD_I1019059,Midfielder,PA,7
Indy,Tahau,2022,10,CD_I1014624,Defender,PA,7
Jade,De Melo,2022,11,CD_I1010678,Forward,PA,7
Hannah,Ewings,2022,12,CD_I1019503,Forward,PA,7
Sarah,Goodwin,2022,13,CD_I1022193,Defender,PA,7
Justine,Mules,2022,14,CD_I1005955,Midfielder,PA,7
Julia,Teakle,2022,15,CD_I1026227,Forward,PA,7
Maggie,Maclachlan,2022,16,CD_I1021412,Defender,PA,7
Ella,Boag,2022,17,CD_I1025893,Midfielder,PA,7
Olivia,Levicki,2022,18,CD_I1029624,Ruck,PA,7
Alex,Ballard,2022,19,CD_I1011117,Defender,PA,7
Sachi,Syme,2022,20,CD_I1022210,Forward,PA,7
Amelie,Borg,2022,21,CD_I1022299,Defender,PA,7
Erin,Phillips,2022,22,CD_I1007129,Forward,PA,7
Lily,Johnson,2022,23,CD_I1024636,Forward,PA,7
Hannah,Dunn,2022,24,CD_I1005952,Midfielder,PA,7
Kate,Surman,2022,26,CD_I1018955,Forward,PA,7
Gemma,Houghton,2022,27,CD_I1007141,Forward,PA,7
Cheyenne,Hammond,2022,28,CD_I1011062,Defender,PA,7
Elizabeth,McGrath,2022,29,CD_I1017514,Ruck,PA,7
Litonya,Cockatoo-Motlap,2022,30,CD_I1022704,Defender,PA,7
Laquoiya,Cockatoo-Motlap,2022,31,CD_I1022703,Forward,PA,7
Brittany,Perry,2022,33,CD_I1007338,Forward,PA,7
Sophie,Molan,2022,1,CD_I1013020,Midfielder,RI,7
Grace,Egan,2022,2,CD_I1009856,Midfielder,RI,7
Katie,Brennan,2022,3,CD_I998157,Forward,RI,7
Monique,Conti,2022,4,CD_I1010104,Midfielder,RI,7
Maddy,Brancatisano,2022,5,CD_I1009868,Midfielder,RI,7
Sarah,Hosking,2022,7,CD_I1006666,Midfielder,RI,7
Courtney,Wakefield,2022,8,CD_I1012704,Forward,RI,7
Hannah,Burchell,2022,9,CD_I1012628,Forward,RI,7
Kodi,Jacques,2022,10,CD_I1010098,Midfielder,RI,7
Jess,Hosking,2022,11,CD_I1005865,Defender,RI,7
Sarah,D'Arcy,2022,12,CD_I1004400,Defender,RI,7
Meagan,Kiely,2022,13,CD_I1005357,Midfielder,RI,7
Poppy,Kelly,2022,14,CD_I1016865,Ruck,RI,7
Rebecca,Miller,2022,15,CD_I1017023,Defender,RI,7
Laura,McClelland,2022,16,CD_I1014882,Midfielder,RI,7
Libby,Graham,2022,18,CD_I1021524,Defender,RI,7
Kate,Dempsey,2022,19,CD_I1012692,Defender,RI,7
Beth,Lynch,2022,20,CD_I1012700,Defender,RI,7
Charley,Ryan,2022,21,CD_I1019681,Forward,RI,7
Ellie,McKenzie,2022,22,CD_I1014375,Forward,RI,7
Harriet,Cordner,2022,23,CD_I1007152,Defender,RI,7
Stella,Reid,2022,25,CD_I1015063,Defender,RI,7
Stephanie,Williams,2022,26,CD_I1012967,Defender,RI,7
Emelia,Yassir,2022,27,CD_I1014781,Midfielder,RI,7
Gabrielle,Seymour,2022,28,CD_I1017025,Ruck,RI,7
Jemima,Woods,2022,29,CD_I1016023,Ruck,RI,7
Eilish,Sheerin,2022,31,CD_I1018403,Defender,RI,7
Saraid,Taylor,2022,34,CD_I1029628,Ruck,RI,7
Maddie,Shevlin,2022,35,CD_I1010688,Midfielder,RI,7
Katelyn,Cox,2022,36,CD_I997743,Forward,RI,7
Tessa,Lavey,2022,37,CD_I1021529,Forward,RI,7
Meg,Macdonald,2022,38,CD_I1012719,Forward,RI,7
Molly,McDonald,2022,1,CD_I1013017,Midfielder,SK,7
Nicola,Stevens,2022,2,CD_I998164,Forward,SK,7
Alice,Burke,2022,3,CD_I1015094,Midfielder,SK,7
Deanna,Jolliffe,2022,4,CD_I1016864,Defender,SK,7
Darcy,Guttridge,2022,5,CD_I1009855,Forward,SK,7
Tyanna,Smith,2022,6,CD_I1014835,Midfielder,SK,7
J'Noemi,Anderson,2022,7,CD_I1021367,Forward,SK,7
Bianca,Jakobsson,2022,8,CD_I296158,Defender,SK,7
Tarni,White,2022,9,CD_I1009831,Midfielder,SK,7
Erin,McKinnon,2022,10,CD_I1007019,Ruck,SK,7
Grace,Kelly,2022,11,CD_I1018875,Forward,SK,7
Kate,Shierlaw,2022,12,CD_I1007138,Forward,SK,7
Renee,Saulitis,2022,13,CD_I1014951,Forward,SK,7
Hannah,Priest,2022,14,CD_I1014556,Defender,SK,7
Nat,Exon,2022,15,CD_I1007137,Midfielder,SK,7
Ella,Friend,2022,16,CD_I1014962,Defender,SK,7
Caitlin,Greiser,2022,17,CD_I1012668,Forward,SK,7
Hannah,Stuart,2022,18,CD_I1016868,Midfielder,SK,7
Jessica,Matin,2022,19,CD_I1019701,Forward,SK,7
Rebecca,Ott,2022,20,CD_I1021945,Defender,SK,7
Georgia,Patrikios,2022,21,CD_I1009867,Midfielder,SK,7
Ashleigh,Richards,2022,22,CD_I1014841,Forward,SK,7
Olivia,Vesely,2022,23,CD_I1009873,Midfielder,SK,7
Clara,Fitzpatrick,2022,24,CD_I1010257,Ruck,SK,7
Rosie,Dillon,2022,25,CD_I997722,Midfielder,SK,7
Leah,Cutting,2022,26,CD_I1005287,Ruck,SK,7
Nicola,Xenos,2022,27,CD_I1015060,Midfielder,SK,7
Caitlin,Matthews,2022,28,CD_I1019813,Defender,SK,7
Lucy,Burke,2022,30,CD_I1022153,Defender,SK,7
Simone,Nalder,2022,34,CD_I1012620,Ruck,SK,7
Jayde,Van Dyk,2022,36,CD_I1012659,Defender,SK,7
Brooke,Lochland,2022,1,CD_I1004408,Forward,SY,7
Bridie,Kennedy,2022,2,CD_I1009852,Defender,SY,7
Sarah,Ford,2022,3,CD_I1018023,Midfielder,SY,7
Paige,Sheppard,2022,4,CD_I1014355,Midfielder,SY,7
Sarah,Dargan,2022,5,CD_I1009872,Midfielder,SY,7
Ruby,Sargent-Wilson,2022,6,CD_I1022738,Midfielder,SY,7
Ally,Morphett,2022,7,CD_I1015012,Ruck,SY,7
Molly,Eastman,2022,9,CD_I1010237,Defender,SY,7
Alexia,Hamilton,2022,10,CD_I1009803,Ruck,SY,7
Bella,Smith,2022,11,CD_I1012994,Forward,SY,7
Ella,Heads,2022,12,CD_I1022745,Midfielder,SY,7
Alana,Woodward,2022,13,CD_I1012705,Midfielder,SY,7
Maddy,Collier,2022,14,CD_I1003022,Defender,SY,7
Sarah,Skinner,2022,15,CD_I1010082,Midfielder,SY,7
Aliesha,Newman,2022,16,CD_I1007151,Forward,SY,7
Zoe,Hurrell,2022,17,CD_I1010106,Midfielder,SY,7
Montana,Ham,2022,18,CD_I1015152,Midfielder,SY,7
Rebecca,Privitelli,2022,19,CD_I296148,Forward,SY,7
Brenna,Tarrant,2022,20,CD_I1009813,Defender,SY,7
Lisa,Steane,2022,21,CD_I1007523,Midfielder,SY,7
Aimee,Whelan,2022,22,CD_I1022067,Forward,SY,7
Eliza,Vale,2022,23,CD_I1022164,Defender,SY,7
Genevieve,Lawson-Tavan,2022,24,CD_I1010243,Defender,SY,7
Sofia,Hurley,2022,25,CD_I1019834,Midfielder,SY,7
Kiara,Beesley,2022,26,CD_I1029620,Midfielder,SY,7
Tiarne,Cavanagh,2022,27,CD_I1029622,Midfielder,SY,7
Lauren,Szigeti,2022,28,CD_I1029616,Forward,SY,7
Cynthia,Hamilton,2022,30,CD_I1022350,Forward,SY,7
Montana,Beruldson,2022,37,CD_I1026016,Forward,SY,7
Jaide,Anthony,2022,44,CD_I1016854,Defender,SY,7
Lauren,Wakfer,2022,1,CD_I1022825,Ruck,WC,7
Kellie,Gibson,2022,2,CD_I998041,Forward,WC,7
Charlotte,Thomas,2022,3,CD_I1021419,Defender,WC,7
Ella,Roberts,2022,4,CD_I1022823,Forward,WC,7
Courtney,Rowley,2022,5,CD_I1021415,Midfielder,WC,7
Isabella,Lewis,2022,6,CD_I1017333,Midfielder,WC,7
Aimee,Schmidt,2022,7,CD_I1005432,Forward,WC,7
Sasha,Goranova,2022,8,CD_I1017334,Midfielder,WC,7
Isabella,Simmons,2022,9,CD_I1014972,Forward,WC,7
Jessica,Sedunary,2022,10,CD_I1005256,Midfielder,WC,7
Aisling,McCarthy,2022,11,CD_I1014034,Forward,WC,7
Emma,Humphries,2022,12,CD_I1003021,Forward,WC,7
Emma,Swanson,2022,13,CD_I998032,Midfielder,WC,7
Belinda,Smith,2022,14,CD_I1007029,Forward,WC,7
Abbygail,Bushby,2022,15,CD_I1023815,Forward,WC,7
Zoe,Wakfer,2022,16,CD_I1027611,Defender,WC,7
Dana,Hooker,2022,17,CD_I998156,Midfielder,WC,7
Jaide,Britton,2022,18,CD_I1012259,Midfielder,WC,7
Imahra,Cameron,2022,19,CD_I1019055,Forward,WC,7
Kate,Bartlett,2022,20,CD_I1009900,Forward,WC,7
Mikayla,Western,2022,21,CD_I1026170,Forward,WC,7
Ella,Smith,2022,22,CD_I1009892,Midfielder,WC,7
Sarah,Lakay,2022,23,CD_I1022818,Ruck,WC,7
Hayley,Bullas,2022,24,CD_I1010255,Midfielder,WC,7
Eleanor,Hartill,2022,25,CD_I1029614,Ruck,WC,7
Emily,Bennett,2022,27,CD_I1017343,Defender,WC,7
Shanae,Davison,2022,28,CD_I1021530,Forward,WC,7
Emily,Elkington,2022,29,CD_I1026143,Midfielder,WC,7
Beth,Schilling,2022,30,CD_I1021416,Defender,WC,7
Evangeline,Gooch,2022,31,CD_I1010656,Defender,WC,7
Krstel,Petrevski,2022,32,CD_I1014801,Forward,WC,7
Sophie,McDonald,2022,35,CD_I1017342,Defender,WC,7
Elizabeth,Snell,2022,1,CD_I1014736,Forward,WB,7
Ellie,Blackburn,2022,2,CD_I296125,Midfielder,WB,7
Isabella,Grant,2022,3,CD_I1010103,Forward,WB,7
Isabelle,Pritchard,2022,4,CD_I1015137,Defender,WB,7
Gabby,Newton,2022,5,CD_I1009882,Forward,WB,7
Kirsten,McLeod,2022,6,CD_I1007020,Forward,WB,7
Deanna,Berry,2022,7,CD_I997728,Forward,WB,7
Daisy,Bateman,2022,8,CD_I1013025,Forward,WB,7
Ellie,Brown,2022,9,CD_I1009875,Defender,WB,7
Katie,Lynch,2022,10,CD_I1013028,Defender,WB,7
Elle,Bennetts,2022,11,CD_I1010686,Forward,WB,7
Gemma,Lagioia,2022,12,CD_I1013024,Midfielder,WB,7
Celine,Moody,2022,13,CD_I1012555,Ruck,WB,7
Sarah,Hartwig,2022,15,CD_I1015091,Defender,WB,7
Naomi,Ferres,2022,16,CD_I1010689,Defender,WB,7
Elisabeth,Georgostathis,2022,17,CD_I1013026,Forward,WB,7
Britney,Gutknecht,2022,18,CD_I1013032,Midfielder,WB,7
Heidi,Woodley,2022,19,CD_I1025517,Forward,WB,7
Millie,Brown,2022,20,CD_I1009864,Defender,WB,7
Bailey,Hunt,2022,21,CD_I1007008,Defender,WB,7
Keely,Coyne,2022,22,CD_I1019828,Midfielder,WB,7
Jessica,Fitzgerald,2022,23,CD_I1014372,Forward,WB,7
Aurora,Smith,2022,24,CD_I1015021,Midfielder,WB,7
Nell,Morris-Dalton,2022,25,CD_I1010102,Forward,WB,7
Kirsty,Lamb,2022,27,CD_I997686,Midfielder,WB,7
Amanda,Ling,2022,29,CD_I1019818,Midfielder,WB,7
Richelle,Cranston,2022,30,CD_I997673,Forward,WB,7
Brooke,Vernon,2022,32,CD_I1014838,Defender,WB,7
Alice,Edmonds,2022,33,CD_I1012694,Ruck,WB,7
Annabel,Strahan,2022,35,CD_I1014745,Midfielder,WB,7
Rylie,Wilcox,2022,37,CD_I1021853,Forward,WB,7
Annise,Bradfield,2022,10,CD_I1017323,Forward,GC,7
Hannah,Bowey,2022,99,CD_I1022118,Midfielder,NM,7
Alice,Mitchell,2022,99,CD_I1012957,Defender,SY,7
